

DROP TABLE IF EXISTS `minor`;
DROP TABLE IF EXISTS `minorcategory`;


DROP TABLE IF EXISTS `coursecategory`;
DROP TABLE IF EXISTS `concentrationcategory`;
DROP TABLE IF EXISTS `concentration`;
DROP TABLE IF EXISTS `categoryrequirements`;
DROP TABLE IF EXISTS `course`;

DROP TABLE IF EXISTS `majorcategory`;
DROP TABLE IF EXISTS `category`;
DROP TABLE IF EXISTS `major`;


CREATE TABLE `major` (
  `idMajor` INTEGER PRIMARY KEY AUTOINCREMENT,
  `name` TEXT NOT NULL
);
INSERT INTO `major` VALUES (2,'Computer Science'),(4,'Applied Math and Computer Science'),(5,'Psychology');


/*!40101 SET @saved_cs_client     = @@character_set_client */;
/*!50503 SET character_set_client = utf8mb4 */;
CREATE TABLE `category` (
  `idCategory` INTEGER PRIMARY KEY AUTOINCREMENT,
  `name` TEXT DEFAULT NULL,
  `parentCategory` INTEGER DEFAULT NULL
);

CREATE TABLE `categoryrequirements` (
  `categoryId` INTEGER PRIMARY KEY,
  `creditCount` INTEGER DEFAULT NULL,
  `courseCount` INTEGER DEFAULT NULL,
  `courseReqs` TEXT DEFAULT NULL,
  CONSTRAINT `fk_catReqs_cattegory_id` FOREIGN KEY (`categoryId`) REFERENCES `category` (`idCategory`)
);


INSERT INTO `category` VALUES (5,'Psychology Core',NULL),(6,'Applied Math and Computer Science Core',NULL),(7,'Computer Science Core',NULL),(8,'PSYCH - Self-Designed Concentration',NULL),(9,'PSYCH - Pre-Clinical Concentration',NULL),(10,'AMCS - Actuarial and Data Science Concentration',NULL),(11,'AMCS - Business Management Concentration',NULL),(12,'AMCS - Cyber Security Concentration',NULL),(13,'AMCS - Interdisciplinary or Undecided Concentration',NULL),(14,'AMCS - Mathematics Education Concentration ',NULL),(15,'AMCS - Software Development Concentration',NULL),(16,'CS - Game Design and Development',NULL),(17,'CS - Interdisciplinary',NULL),(18,'CS - Mobile Applications',NULL),(19,'CS - Cyber Security and Secure Software Development',NULL),(20,'CS - Computer Science Core',7),(21,'CS - Mathematics Core',7),(22,'Global Perspective (GLP)',NULL),(23,'Racial and Ethnic Studies (RES)',NULL),(24,'Communication Studies (COMSK)',NULL),(25,'Analytical Reasoning and Natural Science (ARNS)',NULL),(26,'Arts and Humanities (ARHU)',NULL),(27,'Social and Behavioral Sciences (SBSCI)',NULL),(28,'Cross-disciplinary Issues (CDI)',NULL),(29,'Social Responsibility and Ethical Reasoning (SRER)',NULL),(30,'RES - Category A (RESA)',23),(31,'RES - Category B (RESB)',23),(32,'ARNS - Analytical Reasoning (Math and Stat)',25),(33,'ARNS - Natural Science (LAB)',25),(34,'ARNS - Analytical Reasoning',25),(35,'ARNS - Natural Science',25),(36,'ARHU - Art History/Music and Theater Appreciation',26),(37,'ARHU - Creative/Performing Arts',26),(38,'ARHU - Foreign Language & Culture',26),(39,'ARHU - History',26),(40,'ARHU - Literature',26),(41,'ARHU - Philosophy',26),(42,'SBSCI - Anthopology',27),(43,'SBSCI - Economics',27),(44,'SBSCI - Geography',27),(45,'SBSCI - Political Science',27),(46,'SBSCI - Phychology',27),(47,'SBSCI - Sociology',27),(48,'AMCS - Mathmatics Core',6),(49,'AMCS - Computer Science Core',6),(50,'AMCS - ADSC - Experimental Learning',10),(51,'AMCS - ADSC - Math, STAT, CS, MSCS Requirements',10),(52,'AMCS - ADSC - Multidisciplinary Selective ',10),(53,'AMCS - ADSC - Economics and Professional Communications',10),(54,'AMCS - BMC - Analysis and Modeling',11),(55,'AMCS - BMC - Statistics',11),(56,'AMCS - BMC - Multidisciplinary Selective',11),(57,'AMCS - BMC - Cooperative Education',11),(58,'AMCS - BMC - Business Requirements',11),(59,'AMCS - BMC - Computer Science Requirement ',11),(60,'AMCS - Cyber - CS and MSCS Requirements ',12),(61,'AMCS - Cyber - Analysis and Modeling',12),(62,'AMCS - Cyber - Cooperative Education',12),(63,'AMCS - Cyber - Statistics',12),(64,'AMCS - Cyber - CNIT Requirements',12),(65,'AMCS - IC - Analysis and Modeling ',13),(66,'AMCS - IC - Multidisciplinary Selective',13),(67,'AMCS - IC - Statistics',13),(68,'AMCS - IC - Computer Science Coursework',13),(69,'AMCS - IC - Cooperative Education',13),(70,'AMCS - IC - Approved Related Field',13),(71,'AMCS - SDC - Analysis and Modeling',15),(72,'AMCS - SDC - Computer Science Requirements',15),(73,'AMCS - SDC - Multidisciplinary Selective',15),(74,'AMCS - SDC - Cooperative Education',15),(75,'AMCS - SDC - Statistics',15),(76,'AMCS - MEC - Math and STAT Requirements',14),(77,'AMCS - MEC - Education Requirements',14),(78,'AMCS - MEC - Student Teaching',14),(79,'AMCS - MEC - Electives',14),(80,'PSYC - Required Courses',5),(81,'PSYC - Basic Psychology Selectives',5),(82,'PSYC - Applied Psychology Selectives',5),(83,'PSYC - Experiential',5),(84,'PSYC - PCC - Required',9),(85,'PSYC - PCC - Selectives',9),(86,'PSYC - Additional Liberal Studies Requirements',5),(87,'AMCS - ARNS - Math and Stat',32),(88,'AMSC - GenEds - Selectives',NULL),(89,'AMCS - BMC - SBSCI',27),(90,'AMCS - Cyber - SRER',29),(91,'AMCS - MEC - SRER',29),(92,'AMCS - SDC - SRER',29),(94,'CS - GDD - CS Core',21),(95,'CS - GDD - Selectives',16),(96,'CS - MA - Selectives',18),(97,'CS - ARNS - Math and Stat',32),(98,'CS - ARNS - Analytical Reasoning',34),(99,'CS - GDD - ARNS (LAB)',33),(100,'CS - Cyber - CDI',28),(101,'CS - SRER',29);

INSERT INTO `categoryrequirements` VALUES (5,NULL,NULL,NULL),(6,NULL,NULL,NULL),(7,NULL,NULL,NULL),(8,NULL,NULL,NULL),(9,NULL,NULL,NULL),(10,55,NULL,NULL),(11,55,NULL,NULL),(12,55,NULL,NULL),(13,55,NULL,NULL),(14,55,NULL,NULL),(15,55,NULL,NULL),(16,32,NULL,'ARTH-340,CS-326,GDD-100,GDD-200,GDD-325,GDD-450,GDD-451,PHYS-360,CS-442,CS-449'),(17,32,NULL,'CS-458'),(18,32,NULL,'CS-364,CS-404,CS-458,CS-328'),(19,32,NULL,'CNIT-133,CNIT-134,CNIT-301,CNIT-361,CNIT-382,CNIT-383,CNIT-484,CS-458,CS-480'),(20,34,NULL,'CS-145,CS-244,CS-248,CS-254,CS-290,CS-324,CS-358,CS-441,CS-442,CS-449,>CS-300'),(21,13,NULL,'MATH-154|MATH-157,MATH-270,MATH-275,MATH-158|>MSCS-200|>STAT-300'),(22,6,NULL,NULL),(23,6,NULL,NULL),(24,9,NULL,'ENGL-101|ENGL-101HON,ENGL-102|ENGL-102HON,COMST-100'),(25,10,3,NULL),(26,6,2,NULL),(27,6,2,NULL),(28,3,1,NULL),(29,3,1,NULL),(30,3,NULL,NULL),(31,3,NULL,NULL),(32,NULL,1,NULL),(33,NULL,1,NULL),(34,NULL,NULL,NULL),(35,NULL,NULL,NULL),(36,NULL,NULL,NULL),(37,NULL,NULL,NULL),(38,NULL,NULL,NULL),(39,NULL,NULL,NULL),(40,NULL,NULL,NULL),(41,NULL,NULL,NULL),(42,NULL,NULL,NULL),(43,NULL,NULL,NULL),(44,NULL,NULL,NULL),(45,NULL,NULL,NULL),(46,NULL,NULL,NULL),(47,NULL,NULL,NULL),(48,14,NULL,'MATH-158,MATH-270,MATH-275,MATH-370'),(49,18,NULL,'CS-145,CS-244'),(50,1,NULL,'MSCS-449'),(51,33,NULL,'CS-324,MATH-250,MATH-450,MSCS-271,MSCS-335,MSCS-351,MSCS-446,STAT-331,STAT-332,STAT-340'),(52,3,NULL,'CS-345,MSCS-280,MSCS-396'),(53,6,NULL,'ECON-210,ENGL-320'),(54,8,NULL,'MATH-450|MSCS-351|MSCS-446'),(55,3,NULL,'STAT-330|STAT-331'),(56,3,NULL,'CS-345|MSCS-271|MSCS-280|MSCS-335|MSCS-396'),(57,1,NULL,'MSCS-449'),(58,21,NULL,'BUACT-206,BUACT-207,BUACT-340,BUMGT-304,BUMKG-330,ECON-210,ECON-215'),(59,3,NULL,'CS-324'),(60,16,NULL,'CS-248,CS-324,CS-358,CS-480,MSCS-396'),(61,8,NULL,'MATH-450|MSCS-351|MSCS-446'),(62,1,NULL,'CNIT-449|CS-449|MSCS-449'),(63,3,NULL,'STAT-330|STAT-331'),(64,18,NULL,'CNIT-133,CNIT-134,CNIT-201,CNIT-301,CNIT-371,CNIT-383'),(65,8,NULL,'MATH-450|MSCS-351|MSCS-446'),(66,3,NULL,'CS-345|MSCS-271|MSCS-280|MSCS-335|MSCS-396'),(67,3,NULL,'STAT-330|STAT-331'),(68,6,NULL,'>CS-245'),(69,1,NULL,'CNIT-449|CS-449|MSCS-449'),(70,30,NULL,NULL),(71,8,NULL,'MATH-450|MSCS-351|MSCS-446'),(72,27,NULL,'CS-248,CS-254,CS-290,CS-324,CS-358,CS-441,CS-442,CS-458,MSCS-271'),(73,3,NULL,'CS-343|CS-345|MSCS-280|MSCS-335|MSCS-396'),(74,1,NULL,'CS-449|MSCS-449'),(75,3,NULL,'STAT-330|STAT-331'),(76,16,NULL,'MATH-450,MSCS-280,MATH-262,STAT-331,STAT-332'),(77,20,NULL,'EDUC-303,EDUC-326,EDUC-415,SPED-430,STMED-101,STMED-185,STMED-260,STMED-360,STMED-460'),(78,16,NULL,'MATHED-409'),(79,0,NULL,NULL),(80,32,NULL,'PSYC-100,PSYC-110,PSYC-190,PSYC-233,PSYC-242,PSYC-251,PSYC-270,PSYC-290,PSYC-300,PSYC-320,PSYC-350,PSYC-490'),(81,6,2,'PSYC-330|PSYC-351|PSYC-352|PSYC-360|PSYC-361|PSYC-432'),(82,6,2,'PSYC-121|PSYC-225|PSYC-280|PSYC-333|PSYC-355|PSYC-370|PSYC-371|PSYC-377|PSYC-381|PSYC-382|PSYC-291'),(83,1,1,'PSYC-349|PSYC-398|PSYC-480'),(84,6,NULL,'PSYC-335,PSYC-361'),(85,15,NULL,'PSYC-121|PSYC-280|PSYC-330|PSYC-333|PSYC-360|PSYC-370|PSYC-371|PSYC-291'),(86,3,NULL,'ENGL-207|ENGL-247|ENGL-320|ENGL-410'),(87,NULL,NULL,'MATH-153|MATH-156,MATH-157'),(88,NULL,NULL,'CS-144'),(89,NULL,NULL,'ECON-210'),(90,NULL,NULL,'ICT-215'),(91,NULL,NULL,'EDUC-330'),(92,NULL,NULL,'ICT-215'),(94,NULL,NULL,'CS-343'),(95,3,NULL,'>CS-300|>GDD-300|>MATH-158|>MSCS-300'),(96,15,NULL,'>CS-300|>MSCS-200|>MATH-158'),(97,NULL,NULL,'MATH-151|MATH-153|MATH-156'),(98,NULL,NULL,'CS-144'),(99,NULL,NULL,'PHYS-281'),(100,NULL,NULL,'ICT-103'),(101,NULL,NULL,'ICT-215');

CREATE TABLE `concentration` (
  `idConcentration` INTEGER PRIMARY KEY AUTOINCREMENT,
  `name` TEXT DEFAULT NULL,
  `majorId` INTEGER DEFAULT NULL,
  `fourYearPlan` json DEFAULT NULL,
  CONSTRAINT `fk_conc_major_id` FOREIGN KEY (`majorId`) REFERENCES `major` (`idMajor`)
);

INSERT INTO `concentration` VALUES (3,'Actuarial and Data Science Concentration',4,'{\"Major\": \"Applied Mathematics and Computer Science\", \"ClassPlan\": {\"Semester1\": {\"Courses\": [\"ECON-210\", \"COMST-100\", \"ENGL-101\", \"MATH-156\"], \"Requirements\": []}, \"Semester2\": {\"Courses\": [\"CS-144\", \"ENGL-102\", \"MATH-157\", \"MATH-180\"], \"Requirements\": []}, \"Semester3\": {\"Courses\": [\"MATH-158\", \"CS-145\", \"STAT-331\", \"ECON-215\"], \"Requirements\": [\"ARHU\"]}, \"Semester4\": {\"Courses\": [\"MATH-275\", \"MSCS-271\", \"STAT-332\", \"CS-244\"], \"Requirements\": [\"Concentration Selective\"]}, \"Semester5\": {\"Courses\": [\"MATH-370\", \"STAT-440\", \"CS-324\"], \"Requirements\": [\"CDI\", \"Concentration Selective\"]}, \"Semester6\": {\"Courses\": [\"MATH-255\", \"BUFIN-340\", \"ENGL-320\"], \"Requirements\": [\"ARNS w/ Lab\", \"Concentration Selective\"]}, \"Semester7\": {\"Courses\": [\"MATH-450\", \"MSCS-446\"], \"Requirements\": [\"ARHU\", \"SBSCI\", \"Concentration Selective\"]}, \"Semester8\": {\"Courses\": [], \"Requirements\": [\"SRER\", \"Concentration Selective\", \"Concentration Selective\", \"Concentration Selective\"]}}, \"Concentration\": \"Actuarial and Data Science\"}'),(4,'Business Management Concentration',4,'{\"Major\": \"Applied Mathematics and Computer Science\", \"ClassPlan\": {\"Semester1\": {\"Courses\": [\"ECON-210\", \"COMST-100\", \"ENGL-101\", \"MATH-156\"], \"Requirements\": []}, \"Semester2\": {\"Courses\": [\"CS-144\", \"ENGL-102\", \"MATH-157\", \"MATH-180\"], \"Requirements\": []}, \"Semester3\": {\"Courses\": [\"MATH-158\", \"CS-145\", \"BUACT-206\", \"ECON-215\"], \"Requirements\": [\"ARHU\"]}, \"Semester4\": {\"Courses\": [\"MATH-275\", \"BUACT-207\", \"CS-244\"], \"Requirements\": [\"ARHU\", \"SBSCI\"]}, \"Semester5\": {\"Courses\": [\"MATH-370\", \"STAT-331\", \"BUFIN-340\", \"ENGL-320\", \"BUMKG-330\"], \"Requirements\": []}, \"Semester6\": {\"Courses\": [\"STAT-332\", \"CS-324\", \"BUMGT-304\"], \"Requirements\": [\"CS/MSCS Selective\", \"Concentration Selective\"]}, \"Semester7\": {\"Courses\": [\"MATH-450\"], \"Requirements\": [\"SBER\", \"Concentration Selective\", \"Concentration Selective\", \"Concentration Selective\"]}, \"Semester8\": {\"Courses\": [], \"Requirements\": [\"CDI\", \"ARNS w/ Lab\", \"CS/MSCS Selective\", \"Concentration Selective\", \"Concentration Selective\"]}}, \"Concentration\": \"Business Management\"}'),(5,'Cyber Security Concentration',4,'{\"Major\": \"Applied Mathematics and Computer Science\", \"ClassPlan\": {\"Semester1\": {\"Courses\": [\"CNIT-133\", \"ENGL-101\", \"MATH-156\", \"CS-144\"], \"Requirements\": []}, \"Semester2\": {\"Courses\": [\"CS-145\", \"CNIT-134\", \"ENGL-102\", \"MATH-157\"], \"Requirements\": []}, \"Semester3\": {\"Courses\": [\"MATH-158\", \"CS-244\", \"COMST-100\", \"ICT-215\"], \"Requirements\": [\"GenEd Selective\"]}, \"Semester4\": {\"Courses\": [\"MATH-180\", \"MATH-275\", \"CS-248\", \"CS-324\"], \"Requirements\": [\"GenEd Selective\"]}, \"Semester5\": {\"Courses\": [\"MATH-370\", \"STAT-331\", \"CNIT-301\", \"CS-480\", \"ENGL-320\"], \"Requirements\": []}, \"Semester6\": {\"Courses\": [\"MATH-371\", \"CS-441\", \"MSCS-380\", \"STAT-332\"], \"Requirements\": [\"GenEd Selective\"]}, \"Semester7\": {\"Courses\": [\"CNIT-382\", \"CS-442\", \"MATH-450\"], \"Requirements\": [\"GenEd Selective\", \"Concentration Selective\"]}, \"Semester8\": {\"Courses\": [\"CNIT-383\"], \"Requirements\": [\"ARNS w/ Lab\", \"Concentration Selective\", \"GenEd Selective\"]}}, \"Concentration\": \"Cyber Security\"}'),(6,'Interdisciplinary or Undecided Concentration',4,'{\"Major\": \"Applied Mathematics and Computer Science\", \"ClassPlan\": {\"Semester1\": {\"Courses\": [\"COMST-100\", \"ENGL-101\", \"MATH-156\"], \"Requirements\": [\"ARHU\"]}, \"Semester2\": {\"Courses\": [\"CS-144\", \"ENGL-102\", \"MATH-157\", \"MATH-180\"], \"Requirements\": []}, \"Semester3\": {\"Courses\": [\"MATH-158\", \"CS-145\"], \"Requirements\": [\"SBSCI\", \"Related Field\"]}, \"Semester4\": {\"Courses\": [\"MATH-275\", \"CS-244\"], \"Requirements\": [\"ARHU\", \"SBSCI\", \"Related Field\"]}, \"Semester5\": {\"Courses\": [\"MATH-370\", \"STAT-331\"], \"Requirements\": [\"Related Field\", \"Related Field\", \"Related Field\"]}, \"Semester6\": {\"Courses\": [\"STAT-332\", \"CS-324\"], \"Requirements\": [\"CS/MSCS Selective\", \"Related Field\", \"Related Field\"]}, \"Semester7\": {\"Courses\": [\"MATH-370\"], \"Requirements\": [\"SRER\", \"Major Studies Selective\", \"Related Field\", \"Related Field\"]}, \"Semester8\": {\"Courses\": [], \"Requirements\": [\"ARNS w/ Lab\", \"CDI\", \"CS/MSCS Selective\", \"Related Field\", \"Related Field\"]}}, \"Concentration\": \"Interdisciplinary\"}'),(7,'Mathematics Education Concentration',4,'{\"Major\": \"Applied Mathematics and Computer Science\", \"ClassPlan\": {\"Semester1\": {\"Courses\": [\"STMED-101\", \"COMST-100\", \"ENGL-101\", \"MATH-156\", \"CS-144\"], \"Requirements\": []}, \"Semester2\": {\"Courses\": [\"CS-145\", \"ENGL-102\", \"MATH-157\", \"MATH-180\", \"STMED-185\"], \"Requirements\": []}, \"Semester3\": {\"Courses\": [\"MATH-158\", \"CS-244\", \"STAT-331\", \"PSYC-110\", \"EDUC-326\"], \"Requirements\": []}, \"Semester4\": {\"Courses\": [\"MATH-275\", \"STAT-332\", \"EDUC-303\", \"STMED-260\", \"BIO-111\"], \"Requirements\": []}, \"Semester5\": {\"Courses\": [\"MATH-370\", \"MATH-262\", \"ANTH-220\", \"SPED-430\"], \"Requirements\": [\"Concentration Selective\"]}, \"Semester6\": {\"Courses\": [\"RDGED-382\", \"EDU-330\"], \"Requirements\": [\"ARNS w/ Lab\", \"ARHU\", \"LIT-XXX\", \"Concentration Selective\"]}, \"Semester7\": {\"Courses\": [\"MSCS-280\", \"MATH-450\", \"STMED-360\", \"MATHED-365\", \"EDUC-415\"], \"Requirements\": []}, \"Semester8\": {\"Courses\": [\"MATHED-409\"], \"Requirements\": []}}, \"Concentration\": \"Mathematics Education\"}'),(8,'Software Development Concentration',4,'{\"Major\": \"Applied Mathematics and Computer Science\", \"ClassPlan\": {\"Semester1\": {\"Courses\": [\"CS-144\", \"COMST-100\", \"ENGL-101\", \"MATH-156\"], \"Requirements\": []}, \"Semester2\": {\"Courses\": [\"CS-145\", \"ENGL-102\", \"MATH-157\", \"CS-248\"], \"Requirements\": []}, \"Semester3\": {\"Courses\": [\"MATH-158\", \"CS-244\", \"CS-290\"], \"Requirements\": [\"ARHU\", \"SBSCI\"]}, \"Semester4\": {\"Courses\": [\"MATH-275\", \"MATH-180\", \"ICT-215\", \"CS-324\"], \"Requirements\": [\"SRER\"]}, \"Semester5\": {\"Courses\": [\"MATH-370\", \"STAT-331\", \"CS-441\", \"ENGL-320\"], \"Requirements\": [\"ARNS w/ Lab\"]}, \"Semester6\": {\"Courses\": [\"CS-254\", \"CS-442\", \"STAT-332\", \"MSCS-271\"], \"Requirements\": [\"Concentration Selective\"]}, \"Semester7\": {\"Courses\": [\"CS-358\", \"MATH-450\"], \"Requirements\": [\"ARHU\", \"Concentration Selective\", \"Concentration Selective\"]}, \"Semester8\": {\"Courses\": [\"CS-458\"], \"Requirements\": [\"CDI\", \"Concentration Selective\", \"Concentration Selective\"]}}, \"Concentration\": \"Software Development\"}'),(9,'Self-Designed Concentration',5,NULL),(10,'Pre-Clinical Concentration',5,'{\"Major\": \"Psychology\", \"ClassPlan\": {\"Semester1\": {\"Courses\": [\"PSYC-100\", \"PSYC-110\", \"ENGL-101\"], \"Requirements\": [\"ARNS\", \"ARHU\"]}, \"Semester2\": {\"Courses\": [\"PSYC-233\", \"ENGL-102\", \"COMST-100\"], \"Requirements\": [\"ARHU\", \"CDI\"]}, \"Semester3\": {\"Courses\": [\"PSYC-190\", \"PSYC-242\"], \"Requirements\": [\"SBSCI\", \"SRER\", \"ARNS\"]}, \"Semester4\": {\"Courses\": [\"PSYC-251\", \"PSYC-270\"], \"Requirements\": [\"ARNS\", \"GE Selective\", \"Minor Selective\"]}, \"Semester5\": {\"Courses\": [\"PSYC-290\", \"PSYC-330\", \"ENGL-207\"], \"Requirements\": [\"SBSCI\", \"Minor Selective\"]}, \"Semester6\": {\"Courses\": [\"PSYC-300\", \"PSYC-350\", \"PSYC-121\"], \"Requirements\": [\"Minor Selective\", \"Minor Selective\", \"PSYC Experiential Selective\", \"Elective\"]}, \"Semester7\": {\"Courses\": [\"PSYC-490\", \"PSYC-351\"], \"Requirements\": [\"Minor Selective\", \"Minor Selective\", \"PSYC Elective\"]}, \"Semester8\": {\"Courses\": [\"PSYC-320\", \"PSYC-280\"], \"Requirements\": [\"Minor Selective\", \"PSYC Elective\", \"PSYC Elective\"]}}, \"Concentration\": \"Pre-Clinical\"}'),(11,'Game Design and Development',2,'{\"Major\": \"Computer Science\", \"ClassPlan\": {\"Semester1\": {\"Courses\": [\"CS-144\", \"GDD-100\", \"ENGL-101\", \"MATH-156\"], \"Requirements\": []}, \"Semester2\": {\"Courses\": [\"COMST-100\", \"CS-145\", \"ENGL-102\", \"MATH-157\"], \"Requirements\": []}, \"Semester3\": {\"Courses\": [\"CS-244\", \"GDD-200\", \"MATH-270\", \"PHYS-281\"], \"Requirements\": []}, \"Semester4\": {\"Courses\": [\"CS-248\", \"CS-254\", \"CS-290\", \"CS-326\", \"MATH-275\"], \"Requirements\": []}, \"Semester5\": {\"Courses\": [\"GDD-325\", \"CS-324\", \"CS-343\", \"ICT-215\"], \"Requirements\": [\"ARHU\"]}, \"Semester6\": {\"Courses\": [\"CS-358\", \"PHYS-360\", \"ARTH-340\"], \"Requirements\": [\"SBSCI\", \"Major Selective\"]}, \"Semester7\": {\"Courses\": [\"GDD-450\", \"CS-441\"], \"Requirements\": [\"ARHU\", \"Math Selective\"]}, \"Semester8\": {\"Courses\": [\"GDD-451\", \"CS-442\"], \"Requirements\": [\"CDI\", \"SBSCI\"]}}, \"Concentration\": \"Game Design and Development\"}'),(12,'Interdisciplinary',2,'{\"Major\": \"Computer Science\", \"ClassPlan\": {\"Semester1\": {\"Courses\": [\"CS-144\", \"COMST-100\", \"ENGL-101\", \"MATH-156\"], \"Requirements\": []}, \"Semester2\": {\"Courses\": [\"CS-145\", \"ENGL-102\", \"MATH-157\"], \"Requirements\": [\"SBSCI\"]}, \"Semester3\": {\"Courses\": [\"CS-244\", \"CS-248\", \"MATH-275\"], \"Requirements\": [\"ARNS w/ Lab\"]}, \"Semester4\": {\"Courses\": [\"CS-254\", \"CS-324\", \"MATH-270\", \"CS-290\"], \"Requirements\": [\"ARHU\", \"Related Field\"]}, \"Semester5\": {\"Courses\": [\"CS-343\", \"ICT-215\"], \"Requirements\": [\"ARHU\", \"Related Field\", \"Related Field\"]}, \"Semester6\": {\"Courses\": [\"CS-358\"], \"Requirements\": [\"SBSCI\", \"Math Selective\", \"Related Field\", \"Related Field\"]}, \"Semester7\": {\"Courses\": [\"CS-458\", \"CS-441\"], \"Requirements\": [\"Related Field\", \"Related Field\"]}, \"Semester8\": {\"Courses\": [\"CS-458\", \"CS-442\"], \"Requirements\": [\"CDI\", \"Related Field\"]}}, \"Concentration\": \"Interdisciplinary\"}'),(13,'Mobile Applications',2,'{\"Major\": \"Computer Science\", \"ClassPlan\": {\"Semester1\": {\"Courses\": [\"CS-144\", \"COMST-100\", \"ENGL-101\", \"MATH-156\"], \"Requirements\": []}, \"Semester2\": {\"Courses\": [\"CS-145\", \"ENGL-102\", \"MATH-157\"], \"Requirements\": [\"SBSCI\"]}, \"Semester3\": {\"Courses\": [\"CS-244\", \"CS-248\", \"MATH-275\"], \"Requirements\": [\"ARNS w/ Lab\"]}, \"Semester4\": {\"Courses\": [\"CS-254\", \"CS-324\", \"MATH-270\", \"CS-290\"], \"Requirements\": [\"ARHU\", \"Major Selective\"]}, \"Semester5\": {\"Courses\": [\"CS-343\", \"ICT-215\", \"CS-364\"], \"Requirements\": [\"ARHU\", \"Major Selective\"]}, \"Semester6\": {\"Courses\": [\"CS-358\", \"CS-404\"], \"Requirements\": [\"SBSCI\", \"Major Selective\", \"Major Selective\"]}, \"Semester7\": {\"Courses\": [\"CS-458\", \"CS-441\"], \"Requirements\": [\"Math Selective\", \"Major Selective\"]}, \"Semester8\": {\"Courses\": [\"CS-458\", \"CS-442\"], \"Requirements\": [\"CDI\", \"Major Selective\"]}}, \"Concentration\": \"Mobile Applications\"}'),(14,'Cyber Security and Secure Software Development',2,'{\"Major\": \"Computer Science\", \"ClassPlan\": {\"Semester1\": {\"Courses\": [\"CS-144\", \"CNIT-133\", \"ENGL-101\", \"MATH-156\"], \"Requirements\": []}, \"Semester2\": {\"Courses\": [\"CS-145\", \"ENGL-102\", \"MATH-157\", \"CNIT-134\"], \"Requirements\": []}, \"Semester3\": {\"Courses\": [\"COMST-100\", \"CS-244\", \"CS-248\", \"MATH-270\"], \"Requirements\": [\"SBSCI\"]}, \"Semester4\": {\"Courses\": [\"CNIT-301\", \"CS-324\", \"CS-290\", \"ICT-103\", \"MATH-275\"], \"Requirements\": []}, \"Semester5\": {\"Courses\": [\"CNIT-382\", \"CS-254\", \"CS-480\", \"ICT-215\"], \"Requirements\": [\"ARHU\"]}, \"Semester6\": {\"Courses\": [\"CS-358\", \"CNIT-383\", \"CNIT-361\", \"MATH-158\"], \"Requirements\": [\"ARNS w/ Lab\"]}, \"Semester7\": {\"Courses\": [\"CS-458\", \"CS-441\", \"CNIT-484\"], \"Requirements\": [\"ARHU\"]}, \"Semester8\": {\"Courses\": [\"CS-458\", \"CS-442\"], \"Requirements\": [\"SBSCI\", \"ARNS\", \"CS-3XX\"]}}, \"Concentration\": \"Cyber Security and Secure Software Development\"}');

CREATE TABLE `concentrationcategory` (
  `concentrationId` INTEGER NOT NULL,
  `categoryId` INTEGER NOT NULL,
  PRIMARY KEY (`concentrationId`,`categoryId`),
  CONSTRAINT `fk_concCat_category_id` FOREIGN KEY (`categoryId`) REFERENCES `category` (`idCategory`),
  CONSTRAINT `fk_concCat_concentration_id` FOREIGN KEY (`concentrationId`) REFERENCES `concentration` (`idConcentration`)
);

INSERT INTO `concentrationcategory` VALUES (9,8),(10,9),(3,10),(4,11),(5,12),(6,13),(7,14),(8,15),(11,16),(12,17),(13,18),(14,19),(3,50),(3,51),(3,52),(3,53),(4,54),(4,55),(4,56),(4,57),(4,58),(4,59),(5,60),(5,61),(5,62),(5,63),(5,64),(6,65),(6,66),(6,67),(6,68),(6,69),(6,70),(8,71),(8,72),(8,73),(8,74),(8,75),(7,76),(7,77),(7,78),(7,79),(10,84),(10,85),(4,89),(5,90),(7,91),(8,92),(11,94),(11,95),(13,96),(11,99),(14,100);

CREATE TABLE `course` (
  `idCourse` INTEGER PRIMARY KEY AUTOINCREMENT,
  `subject` TEXT DEFAULT NULL,
  `number` TEXT DEFAULT NULL,
  `credits` INTEGER DEFAULT NULL,
  `semesters` TEXT DEFAULT NULL,
  `name` TEXT DEFAULT NULL,
  `preReq` TEXT DEFAULT NULL
);
INSERT INTO `course` VALUES (4,'ANTH','230',3,'','Anthropology of the Contemporary United States',NULL),(5,'ANTH','293',3,NULL,'Environmental Justice',NULL),(6,'ANTH','300',3,NULL,'Native Americans',NULL),(7,'COMST','312',3,NULL,'Intercultural Communication',NULL),(8,'EDUC','320',3,NULL,'Racism and Colonialism: Impact on Communities and Education',NULL);
INSERT INTO `course` VALUES (9,'EDUC','330',3,NULL,'Multiculturalism: Dialogue and Field Experience',NULL),(10,'EDUC','336',2,NULL,'Multiculturalism: Issues & Perspectives',NULL),(11,'GEOG','310',3,NULL,'Food Justice',NULL),(12,'HDFS','275',3,NULL,'Race Matters: Interdisciplinary Investigations',NULL),(13,'HDFS','335',3,NULL,'Cultural Awareness in Practice',NULL);
INSERT INTO `course` VALUES (14,'HIST','296',3,NULL,'U.S. Labor History in a Global Context',NULL),(15,'HIST','321',3,NULL,"United States Women's History",NULL),(16,'HIST','322',3,NULL,'African-American History',NULL),(17,'HIST','323',3,NULL,'American Immigration and Ethnic History',NULL),(18,'HIST','340',3,NULL,'Constructed Identities: History of Race, Ethnicities and Mixed-Race Peoples',NULL);
INSERT INTO `course` VALUES (19,'HIST','391',3,NULL,'History of Social Science and Race',NULL),(20,'HT','375',3,NULL,'Tourism, Culture & Place',NULL),(21,'LIT','273',3,NULL,'American Multicultural Literature','ENGL-101|ENGL-101HON'),(22,'LIT','307',3,NULL,'After 9/11: American Literature of Public Crisis and Trauma','ENGL-101|ENGL-101HON'),(23,'LIT','308',3,NULL,'Alice Walker: Beyond Purple','ENGL-101|ENGL-101HON');
INSERT INTO `course` VALUES (24,'LIT','309',3,NULL,'Multicultural Shakespeare: Plays and Replays','ENGL-101|ENGL-101HON'),(25,'MUSIC','231',3,NULL,'Honors Jazz History',NULL),(26,'PAX','210',3,NULL,'Nonviolence and the Civil Rights Movement',NULL),(27,'PAX','278',3,NULL,'Social Change Leadership',NULL),(28,'PAX','302',3,NULL,'Applied Nonviolent Activism',NULL),(29,'PAX','310',3,NULL,'Food Justice',NULL);
INSERT INTO `course` VALUES (30,'PE','206',3,NULL,'Diversity and Controversies in Sport and Exercise',NULL),(31,'PHIL','220',3,NULL,'Multicultural Philosophy',NULL),(32,'POLS','250',3,NULL,'History of Race, Politics and Technology',NULL),(33,'SOC','291',3,NULL,'Sociology of Health and Illness',NULL),(34,'SOC','293',3,NULL,'Environmental Justice',NULL),(35,'SOC','375',3,NULL,'Sociology Of Minority Groups',NULL);
INSERT INTO `course` VALUES (36,'SPAN','296',3,NULL,'Business Spanish in Oaxaca','SPAN-201'),(37,'SPAN','296',3,NULL,'Mestizaje: Myth and Reality of the Mexican Nation-State','SPAN-201'),(38,'THEA','340',3,NULL,'Multiculturalism and Diversity in American Theatre',NULL),(39,'WGS','210',3,NULL,'Introduction to Women and Gender Studies',NULL),(40,'ANTH','220',3,NULL,'Cultural Anthropology',NULL);
INSERT INTO `course` VALUES (41,'HIST','120',3,NULL,'Early United States History',NULL),(42,'HIST','121',3,NULL,'Modern United States History',NULL),(43,'HIST','230',3,NULL,'Sexualities in Historical and Social Perspective',NULL),(44,'HIST','310',3,NULL,'Sexualities in Historical and Social Perspective',NULL),(45,'HIST','335',3,NULL,'World War II: An Ethnic and Global History',NULL),(46,'HT','350',3,NULL,'Hospitality Diversity Management',NULL);
INSERT INTO `course` VALUES (47,'INMGT','415',3,NULL,'Inclusivity in Leadership','SOC-110,INMGT-400|BUMGT-303'),(48,'LIT','203',3,NULL,'American Poets','ENGL-101|ENGL-101HON'),(49,'LIT','208',3,NULL,'Fiction Into Film','ENGL-101|ENGL-101HON'),(50,'LIT','230',3,NULL,'American Cinema','ENGL-101|ENGL-101HON'),(51,'LIT','260',3,NULL,'Modern American Literature','ENGL-101|ENGL-101HON'),(52,'LIT','272',3,NULL,'Women Writers','ENGL-101|ENGL-101HON');
INSERT INTO `course` VALUES (53,'LIT','281',3,NULL,'Recent American Literature: Culture, Race, Ethnicity and Nature','ENGL-101|ENGL-101HON'),(54,'LIT','300',3,NULL,"Children's Literature",'ENGL-101|ENGL-101HON'),(55,'LIT','303',3,NULL,'Coming of Age in Literature and Film','ENGL-101|ENGL-101HON'),(56,'LIT','304',3,NULL,'American Folklore','ENGL-101|ENGL-101HON'),(57,'MUSIC','134',3,NULL,'Rock Music History',NULL);
INSERT INTO `course` VALUES (58,'POLS','210',3,NULL,'American Government',NULL),(59,'PSYC','350',3,NULL,'Culture and Psychology','PSYC-110|SOC-110|ANTH-219'),(60,'SOC','110',3,NULL,'Introductory Sociology',NULL),(61,'SOC','225',3,NULL,'Social Problems',NULL),(62,'SOC','230',3,NULL,'Sexualities in Historical and Social Perspective',NULL),(63,'SOC','275',3,NULL,'Sociology of Gender Roles',NULL);
INSERT INTO `course` VALUES (64,'SPAN','229',3,NULL,'Hispanic Literature in America','SPAN-201'),(65,'WGS','205',3,NULL,'Introduction to Queer Studies',NULL),(66,'ANTH','290',3,NULL,'Global Political Ecology',NULL),(67,'ANTH','356',3,NULL,'Gender in Cross-Cultural Perspective',NULL),(68,'APRL','134',3,NULL,'Global Fashion Industry',NULL),(69,'ARAB','101',4,NULL,'Elementary Arabic I',NULL);
INSERT INTO `course` VALUES (70,'ARTH','333',3,NULL,'History of Interiors and Furnishings',NULL),(71,'ARTH','339',3,NULL,'Japanese Art and Culture',NULL),(72,'BIO','111',4,NULL,'Science, the Environment and Sustainability',NULL),(73,'BIO','141',4,NULL,'Plants and People',NULL),(74,'BIO','150',2,NULL,'Environmental Science',NULL),(75,'BIO','226',3,NULL,'Contagious Diseases',NULL);
INSERT INTO `course` VALUES (76,'BIO','270',4,NULL,'Natural History of the Neotropics',NULL),(77,'BUINB','260',3,NULL,'International Business',NULL),(78,'BUINB','367',3,NULL,'International Management','BUMGT-304 '),(79,'BUMGT','346',3,NULL,'Seminar: Arts and Innovation - A Scandinavian Experience',NULL),(80,'DES','101',3,NULL,'Design Thinking in Society',NULL);
INSERT INTO `course` VALUES (81,'DES','150',3,NULL,'Introduction to Sustainable Design and Development',NULL),(82,'ECON','201',3,NULL,'General Economics',NULL),(83,'ECON','210',3,NULL,'Principles of Macroeconomics',NULL),(84,'ECON','215',3,NULL,'Principles of Microeconomics',NULL),(85,'EDUC','402',3,NULL,'Global Perspectives for Educators',NULL),(86,'ETECH','100',3,NULL,'Impacts of Engineering',NULL);
INSERT INTO `course` VALUES (87,'ETECH','370',3,NULL,'Global Engineering','ETECH-99'),(88,'FN','123',2,NULL,'Science of Food',NULL),(89,'FN','461',3,NULL,'Multicultural Aspects of Food & Nutrition Patterns','FN-211'),(90,'FREN','124',2,NULL,'Practical French IV',NULL),(91,'FREN','299',1,NULL,'Independent Study',NULL),(92,'FREN','499',1,NULL,'Independent Study',NULL),(93,'GEOG','104',3,NULL,'World Geography',NULL);
INSERT INTO `course` VALUES (94,'GEOG','290',3,NULL,'Global Political Ecology',NULL),(95,'HIST','130',3,NULL,'Greeks, Romans and Barbarians: The Uses and Misuses of Our Global Past',NULL),(96,'HIST','196',3,NULL,'Trading Myths: Sailors, Stories and the Cosmos of Greek Myth',NULL),(97,'HIST','210',3,NULL,'Modern World History',NULL),(98,'HIST','296',3,NULL,'Filming Capitalism and Culture in Modern Greece',NULL);
INSERT INTO `course` VALUES (99,'HIST','296',3,NULL,'Women and Gender in Europe: 1750 To Present',NULL),(100,'HIST','377',3,NULL,'History of Ideas in the Age of Technology',NULL),(101,'HIST','389',3,NULL,'The Age of Revolutions',NULL),(102,'HIST','390',3,NULL,'History of Science and Technology',NULL),(103,'HT','326',3,NULL,'Introduction to Wines and Spirits',NULL),(104,'HT','423',4,NULL,'Wine and Food Pairing',NULL);
INSERT INTO `course` VALUES (105,'ICT','103',3,NULL,'Information and Communication Technologies',NULL),(106,'ICT','215',3,NULL,'Cybertechnology Ethics',NULL),(107,'INMGT','335',3,NULL,'Lean Manufacturing Systems','STAT-329'),(108,'LIT','196',3,NULL,'Storytelling of Scotland and North England',NULL),(109,'LIT','255',3,NULL,'Recent World Literature','ENGL-101|ENGL-101HON'),(110,'LIT','350',3,NULL,'Modern British Literature','ENGL-101|ENGL-101HON');
INSERT INTO `course` VALUES (111,'MUSIC','132',3,NULL,'Music in Our World',NULL),(112,'PHIL','201',3,NULL,'Introduction to Philosophy',NULL),(113,'PHIL','215',3,NULL,'Eastern Philosophy',NULL),(114,'PHYS','301',3,NULL,'Physics for Future Presidents',NULL),(115,'POLS','270',3,NULL,'Introduction to Comparative Government',NULL),(116,'SOC','290',3,NULL,'Global Political Ecology',NULL),(117,'SOC','325',3,NULL,'Society and Leisure',NULL);
INSERT INTO `course` VALUES (118,'SOC','385',3,NULL,'Globalization and Social Change',NULL),(119,'SPAN','101',4,NULL,'Elementary Spanish I',NULL),(120,'SPAN','102',4,NULL,'Elementary Spanish II','SPAN-101'),(121,'SPAN','201',3,NULL,'Intermediate Spanish I','SPAN-102'),(122,'SPAN','202',3,NULL,'Intermediate Spanish II','SPAN-102'),(123,'SPAN','220',3,NULL,'Business Spanish','SPAN-102'),(124,'SPAN','227',3,NULL,'Spanish Composition and Conversation I','SPAN-102');
INSERT INTO `course` VALUES (125,'SPAN','296',3,NULL,'Chronicling Contemporary Issues in Latin America','SPAN-102'),(126,'SPAN','299',1,NULL,'Independent Study',NULL),(127,'SPAN','204',3,NULL,'Latin American Short Story','SPAN-102'),(128,'SPAN','218',3,NULL,'Cinema for Spanish Proficiency','SPAN-102'),(129,'SPAN','399',1,NULL,'Independent Study',NULL),(130,'SPAN','499',1,NULL,'Independent Study',NULL),(131,'TRDIS','296A',3,NULL,'Experience China: Society and Cultural Immersion',NULL);
INSERT INTO `course` VALUES (132,'WGS','356',3,NULL,'Gender in Cross Cultural Perspective',NULL),(133,'ARAB','201',4,NULL,'Intermediate Arabic 1','ARAB-101'),(134,'ARAB','202',4,NULL,'Intermediate Arabic 2','ARAB-201'),(135,'CHIN','101',4,NULL,'Elementary Chinese I',NULL),(136,'CHIN','102',4,NULL,'Elementary Chinese II','CHIN-101'),(137,'CHIN','200',4,NULL,'Intermediate Chinese 1','CHIN-102'),(138,'CHIN','201',4,NULL,'Intermediate Chinese 2','CHIN-200'),(139,'COMST','100',3,NULL,'Fundamentals of Speech',NULL);
INSERT INTO `course` VALUES (140,'COMST','200',3,NULL,'Persuasive Speaking','COMST-100'),(141,'COMST','206',3,NULL,'Small Group Communication',NULL),(142,'COMST','208',3,NULL,'Applied Human Communication','COMST-100'),(143,'COMST','210',3,NULL,'Interpersonal Communication',NULL),(144,'COMST','236',3,NULL,'Listening',NULL),(145,'COMST','350',3,NULL,'Nonverbal Communication',NULL),(146,'ENGL','101',3,NULL,'Composition 1',NULL),(147,'ENGL','102',3,NULL,'Composition 2','ENGL-101|ENGL-101HON'),(148,'ENGL','101HON',3,NULL,'Honors Composition 1',NULL);
INSERT INTO `course` VALUES (149,'ENGL','102HON',3,NULL,'Honors Composition 2','ENGL-101|ENGL-101HON'),(150,'FREN','101',4,NULL,'Elementary French I',NULL),(151,'FREN','102',4,NULL,'Elementary French II','FREN-100'),(152,'FREN','122',2,NULL,'Practical French II','FREN-121'),(153,'FREN','123',2,NULL,'Practical French III','FREN-101'),(154,'FREN','202',4,NULL,'Intermediate French II','FREN-201'),(155,'GER','101',4,NULL,'Elementary German I',NULL),(156,'GER','201',4,NULL,'Intermediate German 1','GER-102');
INSERT INTO `course` VALUES (157,'GER','202',4,NULL,'Intermediate German 2','GER-201'),(158,'HMON','101',4,NULL,'Elementary Hmong I',NULL),(159,'HMON','102',4,NULL,'Elementary Hmong 2','HMON-100'),(160,'JAPN','101',4,NULL,'Elementary Japanese 1',NULL),(161,'JAPN','102',4,NULL,'Elementary Japanese 2','JAPN-101'),(162,'JAPN','201',4,NULL,'Intermediate Japanese 1','JAPN-102'),(163,'JAPN','202',4,NULL,'Intermediate Japanese 2','JAPN-201'),(164,'REHAB','305',3,NULL,'Sign Language I',NULL),(165,'REHAB','306',3,NULL,'Sign Language II','REHAB-304'),(166,'RUS','102',4,NULL,'Elementary Russian 2','RUS-101'),(167,'RUS','201',4,NULL,'Intermediate Russian 1','RUS-102'),(168,'RUS','202',4,NULL,'Intermediate Japanese 2','RUS-201'),(169,'SPAN','122',2,NULL,'Practical Spanish II','SPAN-121'),(170,'MATH','118',4,NULL,'Concepts of Mathematics',NULL),(171,'MATH','120',4,NULL,'College Algebra',NULL),(172,'MATH','121',3,NULL,'Introductory College Mathematics II',NULL),(173,'MATH','123',3,NULL,'Finite and Financial Mathematics',NULL),(174,'MATH','150',5,NULL,'Calculus with Precalculus A',NULL);
INSERT INTO `course` VALUES (175,'MATH','151',5,NULL,'Calculus with Precalculus B','MATH-149'),(176,'MATH','153',4,NULL,'Calculus I',NULL),(178,'MATH','156',5,NULL,'Calculus and Analytic Geometry I',NULL),(180,'STAT','130',3,NULL,'Elementary Statistics',NULL),(181,'STAT','320',3,NULL,'Statistical Methods','MATH-119'),(182,'BIO','101',4,NULL,'Introductory Biology',NULL),(183,'BIO','132',4,NULL,'Human Biology: Our Bodies, Our Health, Our World',NULL),(184,'BIO','234',4,NULL,'Physiology and Anatomy','BIO-132&BIO-135&BIO-136|CHEM-115|CHEM-134'),(185,'BIO','260',4,NULL,'Ichthyology - Wisconsin Fishes',NULL),(186,'CHEM','110',4,NULL,'Chemistry in Our World',NULL),(187,'CHEM','115',5,NULL,'Introductory Chemistry',NULL),(188,'CHEM','135',5,'FA,SP','College Chemistry I',NULL),(189,'CHEM','136',5,'FA,SP','College Chemistry II','CHEM-135'),(190,'CNS','200',3,NULL,'Introduction to Cognitive Neuroscience',NULL),(191,'CNS','201',1,NULL,'Introduction to Cognitive Neuroscience Lab','!CNS-200'),(192,'FN','125',1,NULL,'Science of Food Lab','FN-122'),(193,'NANO','101',3,NULL,'Explorations in Nanotechnology',NULL),(194,'PHYS','151',3,NULL,'Astronomy',NULL),(195,'PHYS','111',3,NULL,'Introduction to Physics','>MATH-89'),(196,'PHYS','112',1,NULL,'Introduction to Physics: Lab','!PHYS-110'),(197,'PHYS','241',5,'FA,SP','College Physics I',NULL),(198,'PHYS','242',5,'FA,SP','College Physics II','PHYS-241|PHYS-280');
INSERT INTO `course` VALUES (199,'PHYS','250',3,NULL,'The Physics of Light and Color','>MATH-99'),(200,'PHYS','281',5,'FA','University Physics I','!MATH-154|!MATH-156'),(201,'CS','141',3,NULL,'Introduction to Programming',NULL),(202,'CS','144',4,NULL,'Computer Science I',NULL),(203,'ECON','360',3,NULL,'Strategic Decision Making and Game Theory',NULL),(204,'LOG','301',3,NULL,'Introduction to Logical Thinking',NULL),(205,'BIO','130',3,NULL,'Human Sexual Biology',NULL),(206,'CHEM','105',2,NULL,'Visualizing Chemistry',NULL),(207,'PHYS','139',3,NULL,'Introduction to Research Methods in Physics','>MATH-120'),(208,'PHYS','150',2,NULL,'The Nature and Application of Light and Color','>MATH-10'),(209,'PHYS','251',1,NULL,'Topics in Astronomy',NULL),(210,'GEOL','101',2,NULL,'Introduction to Geology',NULL),(211,'GEOL','140',2,NULL,'Meteorology',NULL),(212,'ARTH','222',3,NULL,'Introduction to Art',NULL),(213,'ARTH','223',3,NULL,'Survey of Art - Ancient Through Medieval',NULL),(214,'ARTH','224',3,NULL,'Survey of Art-Renaissance Through 20th Century',NULL),(215,'ARTH','225',3,NULL,'Introduction to Non-Western Art',NULL),(216,'ARTH','331',3,NULL,'Art and Controversy',NULL),(217,'MUSIC','120',3,NULL,'Music Fundamentals',NULL),(218,'MUSIC','130',2,NULL,'Music Appreciation',NULL),(219,'MUSIC','236',3,NULL,'Music in Media',NULL),(220,'MUSIC','300',3,NULL,'Special Topics in Music',NULL);
INSERT INTO `course` VALUES (221,'MUSIC','320',3,NULL,'Music Theory','MUSIC-119'),(222,'MUSIC','330',3,NULL,'Survey of Western Music History','MUSIC-132|MUSIC-134|MUSIC-231|MUSIC-235'),(223,'THEA','232',3,NULL,'Theatre In Our World',NULL),(224,'THEA','334',3,NULL,'Contemporary Theater',NULL),(225,'ART','213',3,NULL,'Ceramics I',NULL),(226,'ART','215',3,NULL,'Metals and Contemporary Art Jewelry I',NULL),(227,'ENGL','245',3,NULL,'Creative Writing','ENGL-102|ENGL-112|ENGL-102HON'),(228,'MUSIC','101',1,NULL,'Class Piano I',NULL),(229,'MUSIC','264',0,NULL,'Jazz Band',NULL),(230,'MUSIC','266',0,NULL,'Concert Band',NULL),(231,'MUSIC','267',0,NULL,'Symphonic Singers',NULL),(232,'MUSIC','269',0,NULL,'Chamber Choir',NULL),(233,'MUSIC','350',3,NULL,'Digital Sound Studio',NULL),(234,'PHOTO','110',3,NULL,'Mobile Device Photography: Visual Literacy and Image Narrative',NULL),(235,'PHOTO','204',3,NULL,'Exploring Photography',NULL),(236,'THEA','131',0,NULL,'Theater Practicum',NULL),(237,'THEA','200',3,NULL,'Stagecraft',NULL),(238,'THEA','332',3,NULL,'The Directing and Acting Process',NULL),(239,'FREN','201',4,NULL,'Intermediate French I','FREN-101'),(240,'HIST','140',3,NULL,'Western Civilization',NULL),(241,'HIST','141',3,NULL,'Western Civilization',NULL),(242,'HIST','296C',3,NULL,"Women's History: Comparative U.S. and the U.K.",NULL),(243,'HIST','311',3,NULL,'Women and War: A Global Perspective in the Modern Era',NULL),(244,'HIST','330',3,NULL,'History of World War II',NULL),(245,'HIST','347',3,NULL,'Introduction To British Civilization',NULL),(246,'HIST','350',3,NULL,'History of the Vietnam War',NULL),(247,'HIST','360',3,NULL,'Asian History',NULL),(248,'HIST','380',3,NULL,'Latin American History',NULL),(249,'HIST','392',3,NULL,'History of Mad Science',NULL),(250,'LIT','205',3,NULL,'The Short Story','ENGL-101|ENGL-101HON'),(251,'LIT','265',3,NULL,'Literature and Economics','ENGL-101|ENGL-101HON'),(252,'LIT','275',3,NULL,'Environmental Literature','ENGL-101|ENGL-101HON'),(253,'LIT','280',3,NULL,'Best-Sellers','ENGL-101|ENGL-101HON'),(254,'LIT','285',3,NULL,'Science Fiction','ENGL-101|ENGL-101HON'),(255,'LIT','302',1,NULL,'Topics in Literature','ENGL-101|ENGL-101HON'),(256,'LIT','306',3,NULL,'Shakespeare','ENGL-101|ENGL-101HON'),(257,'PHIL','205',3,NULL,'Philosophy of Religion',NULL),(258,'PHIL','225',3,NULL,'Belief, Knowledge and Truth',NULL),(259,'PHIL','235',3,NULL,'General Ethics',NULL),(260,'PHIL','275',3,NULL,'Business Ethics',NULL),(261,'POLS','305',3,NULL,'Clickbait: News, Media, and Politics in the U.S.',NULL),(262,'POLS','340',3,NULL,'International Relations',NULL),(263,'HDFS','195',3,NULL,'Honors Seminar: Lifespan Human Development',NULL),(264,'HDFS','255',3,NULL,'Lifespan Human Development',NULL),(265,'PSYC','110',3,NULL,'Introduction to Psychology',NULL),(266,'PSYC','225',3,NULL,'Psychology of Video Games',NULL),(267,'HDFS','215',3,NULL,'Introduction to Families',NULL),(268,'SOC','400',3,NULL,'Sociology of Altruism',NULL),(269,'AEC','191',3,NULL,'The Built Environment',NULL),(270,'BUFIN','227',3,NULL,'Financial Wellness',NULL),(271,'ECON','310',3,NULL,'Economics of Conflict',NULL),(272,'EDUC','210',3,NULL,'Impacts of Technology on Learning',NULL),(273,'EDUC','211',3,NULL,'Technology, Fab Lab, and Society',NULL),(274,'EDUC','260',3,NULL,'Images of Education: Not Another Brick in the Wall',NULL),(275,'FN','244',3,NULL,'Farm to Fork: Food Issues',NULL),(276,'HDFS','460',3,NULL,'Religious Diversity and the Workplace',NULL),(277,'PAX','201',3,NULL,'Introduction to Applied Peace Studies',NULL),(278,'PAX','271',3,NULL,'Conflict Resolution and Analysis',NULL),(279,'PE','205',3,NULL,'Lifelong Wellness',NULL),(280,'SOC','355',3,NULL,'Social Psychology',NULL),(281,'BUMGT','235',3,NULL,'Management Ethics',NULL),(282,'ECON','250',3,NULL,'Introduction to Environmental Economics and Policy',NULL),(283,'FN','210',3,NULL,'Issues and Ethics in Food and Nutrition',NULL),(284,'GEOG','251',3,NULL,'Introduction to Geospatial Technologies',NULL),(285,'HDFS','257',3,NULL,'Lifespan Sexuality',NULL),(286,'HT','252',3,NULL,'Professionalism',NULL),(287,'HWF','340',3,NULL,'Community CPR, Automatic External Defibrillation and First Aid',NULL),(288,'PE','201',3,NULL,'Wellness and Social Responsibility',NULL),(289,'PE','204',3,NULL,'Competition in the 21st Century',NULL),(290,'POLS','260',3,NULL,'Problems of U.S. Foreign Policy',NULL),(291,'PSYC','280',3,NULL,'Forensic Psychology, Law and Ethics',NULL),(292,'PSYC','281',3,NULL,'Psychology for Sustainability','BIO-101|BIO-110'),(293,'TRDIS','220',3,NULL,'Insights into Innovation and Ideation',NULL),(294,'CS','145',4,NULL,'Computer Science II','CS_144'),(295,'CS','244',4,NULL,'Data Structures','CS_144,CS_145'),(296,'CS','248',3,NULL,'Web and Internet Programming','CS_141|CS_144'),(297,'CS','254',3,NULL,'Algorithm Design and Analysis','CS_244,MATH_154|MATH_157'),(298,'CS','290',1,NULL,'Professional Seminar','CS_244|CS_248'),(299,'CS','324',3,NULL,'Database Systems Manipulation and Design','CS_244'),(300,'CS','358',3,NULL,'Software Engineering Principles','CS_244,CS_248|CS_324'),(301,'CS','441',4,NULL,'Computer Architecture','CS_244'),(302,'CS','442',3,NULL,'Operating Systems','CS_441'),(303,'CS','449',1,NULL,'Cooperative Education Experience',NULL),(304,'CS','343',3,NULL,'Mathematical Foundations of Computer Graphics','CS_244&MATH_275,MATH_158|MATH_154|PHYS_281'),(305,'MATH','270',3,NULL,'Discrete Mathematics','MATH_153|MATH_156'),(306,'MATH','275',3,NULL,'Linear Algebra','MATH_151|MATH_153|MATH_156'),(307,'MATH','158',4,NULL,'Calculus III','MATH_154|MATH_157'),(308,'MATH','154',4,NULL,'Calculus II','MATH_151|MATH_153|MATH_156'),(309,'MATH','157',5,NULL,'Calculus and Analytic Geometry II','MATH_151|MATH_153|MATH_156'),(310,'ARTH','340',3,NULL,'History of Interactive Media',NULL),(311,'CS','326',3,NULL,'Programming in Game Engines','CS_244'),(312,'GDD','100',4,NULL,'Introduction to Game Design',NULL),(313,'GDD','200',4,NULL,'Video Game Development','GDD_100&CS_145|DES_220'),(314,'GDD','325',4,NULL,'Two Dimensional Game Design and Development','GDD_200&CS_244|DES_220'),(315,'GDD','450',4,NULL,'Game Design and Development Capstone I','GDD_325,CS_326&CS_358|DES_350'),(316,'GDD','451',4,NULL,'Game Design and Development Capstone II','GDD_450'),(317,'PHYS','360',3,NULL,'Physics Modeling for Game Programmers','CS_244,MATH_275,PHYS_281&MATH_154|MATH_157'),(318,'CS','364',3,NULL,'Mobile Development in Android','CS_324'),(319,'CS','404',3,NULL,'Advanced Web and Internet Programming','CS_248&CS_324'),(320,'CS','458',4,NULL,'Software engineering Practicum','CS_358'),(321,'CS','328',3,NULL,'Human-Computer Interaction','CS_244|CS_248'),(322,'CNIT','133',3,'FA','Networking Fundamentals I',NULL),(323,'CNIT','134',3,NULL,'Networking Fundamentals II','CNIT_133'),(325,'CNIT','361',3,NULL,'Workstation and Server','CNIT_133'),(326,'CNIT','382',3,NULL,'Network Systems Design','CNIT_134'),(327,'CNIT','383',3,'SP','Introduction to Network Security','CNIT_134'),(328,'CNIT','484',3,NULL,'Advanced Network Security and Auditing','CNIT_301,CNIT_383&CNIT_361|CS_480'),(329,'CS','480',3,NULL,'Introduction to Computer Security','CS_244'),(330,'MATH','370',3,NULL,'Modern Algebra','MATH_154|MATH_157,MATH_180|MATH_270,MATH_275'),(331,'MSCS','449',1,NULL,'Cooperative Education Experience',NULL),(333,'MATH','250',3,NULL,'Differential Equations with Linear Algebra','MATH_154|MATH_157'),(334,'MATH','450',3,NULL,'Real Analysis I','MATH_154|MATH_157'),(335,'MSCS','271',3,NULL,'Formal Languages and Finite Automata','CS_145,MATH_180|MATH_270'),(336,'MSCS','335',3,NULL,'Machine Learning','CS_145,MATH_158,MATH_275,STAT_330|STAT_331'),(337,'MSCS','351',4,NULL,'Mathematical Modeling','MATH_250|MATH_275'),(338,'MSCS','446',3,NULL,'Numerical Analysis I','MATH_158,MATH_275,CS_145'),(339,'STAT','331',3,NULL,'Probability and Mathematical Statistics I','MATH_154|MATH_157|MATH_158|!MATH_158'),(340,'STAT','332',3,NULL,'Probability and Mathematical Statistics II','STAT_331'),(341,'STAT','340',3,NULL,'Applied Regression Analysis',NULL),(342,'CS','345',3,NULL,'Image Processing','MATH_158,MATH_275,CS_244'),(343,'MSCS','280',3,'SP','Graph Theory with Applications in Computer Science','CS_145,MATH_180|MATH_270'),(344,'MSCS','396',4,'SP','Applied Cryptography','MATH_180|MATH_270,MATH_275|MATH_250,CS_145'),(345,'ENGL','320',3,'FA,SP','Professional and Technical Communication','ENGL_102|ENGL_112|ENGL_102HON'),(346,'STAT','330',3,NULL,'Probability and Statistics for Engineering and the Sciences','MATH_154|MATH_157'),(348,'BUACT','206',3,NULL,'Introduction to Financial Accounting',NULL),(349,'BUACT','207',3,NULL,'Introduction-Corporate and Managerial Accounting','BUACT_206'),(350,'BUACT','340',3,NULL,'Business Finance','BUACT_207,>STAT_130,>MATH_123'),(351,'BUMGT','304',3,NULL,'Principles of Management',NULL),(352,'BUMKG','330',3,NULL,'Principles of Marketing',NULL),(356,'CNIT','449',1,NULL,'Cooperative Education Experience','CS_240'),(360,'CNIT','201',3,NULL,'Cybersecurity Operations','CNIT_133'),(361,'CNIT','301',3,'SP','Linux Systems & Network Administration','ITM_133|CNIT_133|CS_144'),(362,'CNIT','371',3,'FA','Cloud Computing Design, Implementation, & Security','CNIT_133,CNIT_301'),(370,'MATH','262',3,'SP','Modern Geometry','MATH_151|MATH_153|MATH_156'),(371,'EDUC','303',3,NULL,'Educational Psychology',NULL),(372,'EDUC','326',2,NULL,'Foundations of Education',NULL),(373,'EDUC','415',2,NULL,'Classroom Management',NULL),(374,'SPED','430',3,NULL,'Inclusion of Students with Exceptional Needs',NULL),(375,'STMED','101',2,NULL,'Introduction to Science, Technology, and Math Education',NULL),(376,'STMED','185',1,NULL,'Pre-Student Teaching I',NULL),(377,'STMED','260',3,NULL,'Curriculum, Methods and Assessment','STMED_101|STMED_160'),(378,'STMED','360',1,NULL,'Pre Student Teaching II','STMED_101,STMED_185|STMED_160'),(379,'STMED','460',3,NULL,'Teaching Methods','STMED_260'),(380,'MATHED','409',2,NULL,'Mathematics Student Teaching',NULL),(381,'PSYC','100',1,NULL,'Psychology Seminar I-Foundations',NULL),(383,'PSYC','190',3,NULL,'Psychological Research Methods','PSYC_110'),(384,'PSYC','233',3,NULL,'Brain and Behavior','PSYC_110'),(385,'PSYC','242',3,NULL,'Applied Cognition','PSYC_110'),(386,'PSYC','251',3,NULL,'Child Psychology ','PSYC_110'),(387,'PSYC','270',3,NULL,'Social Cognition and Behavior','PSYC_110'),(388,'PSYC','290',3,NULL,'Interpreting Psychological Research','PSYC_190'),(389,'PSYC','300',1,NULL,'Psychology Seminar II - Career Preparation','PSYC_100'),(390,'PSYC','320',3,NULL,'Psychology: Its History and Systems','PSYC_110'),(392,'PSYC','490',3,NULL,'Research Practicum','PSYC_290'),(393,'PSYC','330',3,NULL,'Psychology of Learning',NULL),(394,'PSYC','351',3,NULL,'Children’s Social Reasoning','PSYC_110'),(395,'PSYC','352',3,NULL,'Adolescent Psychology','PSYC_110'),(396,'PSYC','360',3,NULL,'Personality Theories and Applications ','PSYC_110'),(397,'PSYC','361',3,NULL,'Abnormal Psychology',NULL),(398,'PSYC','432',3,NULL,'Perception',NULL),(399,'PSYC','121',3,NULL,'Introduction to Positive Psychology',NULL),(400,'PSYC','225',3,NULL,'Psychology of Video Games ',NULL),(402,'PSYC','333',3,NULL,'Drugs and the Brain','PSYC_110'),(403,'PSYC','355',3,NULL,'Clinical and Counseling Psychology ','PSYC_110'),(404,'PSYC','370',3,NULL,'Interpersonal Effectiveness Training',NULL),(405,'PSYC','371',3,NULL,'Introduction to Health Psychology','PSYC_110'),(406,'PSYC','377',3,NULL,'Consumer Psychology','PSYC_110'),(407,'PSYC','381',3,NULL,'Psychology in the Workplace',NULL),(408,'PSYC','382',3,NULL,'Human Resource Management ',NULL),(409,'PSYC','291',3,NULL,'Psychophysiology: Methods in Mind and Body',NULL),(410,'PSYC','349',1,NULL,'Cooperative Education Experience',NULL),(411,'PSYC','398',1,NULL,'Psychology Field Experience',NULL),(412,'PSYC','480',1,NULL,'Individual Research Project',NULL),(413,'PSYC','361',3,NULL,'Abnormal Psychology ',NULL),(414,'PSYC','360',3,NULL,'Personality Theories and Applications','PSYC_110'),(415,'ENGL','207',3,NULL,'Writing for the Media','ENGL_102'),(416,'ENGL','247',3,NULL,'Critical Writing','ENGL_102'),(418,'ENGL','410',3,NULL,'Scientific Communication','ENGL_102'),(419,'MATH','180',4,NULL,'Foundations of the Languages of Mathematics','MATH_151|MATH_153|MATH_156');


CREATE TABLE `coursecategory` (
  `courseId` INTEGER NOT NULL,
  `categoryId` INTEGER NOT NULL,
  PRIMARY KEY (`courseId`,`categoryId`),
  CONSTRAINT `fk_crsCat_category_id` FOREIGN KEY (`categoryId`) REFERENCES `category` (`idCategory`),
  CONSTRAINT `fk_crsCat_course_id` FOREIGN KEY (`courseId`) REFERENCES `course` (`idCourse`)
);

INSERT INTO `coursecategory` VALUES (310,16),(311,16),(312,16),(313,16),(314,16),(315,16),(316,16),(317,16),(320,17),(318,18),(319,18),(320,18),(321,18),(320,19),(322,19),(323,19),(325,19),(326,19),(327,19),(328,19),(329,19),(361,19),(294,20),(295,20),(296,20),(297,20),(298,20),(299,20),(300,20),(301,20),(302,20),(303,20),(304,20),(305,21),(306,21),(307,21),(308,21),(309,21),(7,22),(9,22),(14,22),(24,22),(33,22),(35,22),(36,22),(37,22),(39,22),(40,22),(52,22),(60,22),(64,22),(65,22),(66,22),(67,22),(68,22),(69,22),(70,22),(71,22),(72,22),(73,22),(74,22),(75,22),(76,22),(77,22),(78,22),(79,22),(80,22),(81,22),(82,22),(83,22),(84,22),(85,22),(86,22),(87,22),(88,22),(89,22),(90,22),(91,22),(92,22),(93,22),(94,22),(95,22),(96,22),(97,22),(98,22),(99,22),(100,22),(101,22),(102,22),(103,22),(104,22),(105,22),(106,22),(107,22),(108,22),(109,22),(110,22),(111,22),(112,22),(113,22),(114,22),(115,22),(116,22),(117,22),(118,22),(119,22),(120,22),(121,22),(122,22),(123,22),(124,22),(125,22),(126,22),(127,22),(128,22),(129,22),(130,22),(131,22),(132,22),(7,24),(69,24),(90,24),(119,24),(120,24),(121,24),(122,24),(124,24),(133,24),(134,24),(135,24),(136,24),(137,24),(138,24),(139,24),(140,24),(141,24),(142,24),(143,24),(144,24),(145,24),(146,24),(147,24),(148,24),(149,24),(150,24),(151,24),(152,24),(153,24),(154,24),(155,24),(156,24),(157,24),(158,24),(159,24),(160,24),(161,24),(162,24),(163,24),(164,24),(165,24),(166,24),(167,24),(168,24),(169,24),(8,28),(9,28),(11,28),(22,28),(23,28),(25,28),(26,28),(29,28),(32,28),(33,28),(39,28),(43,28),(44,28),(62,28),(65,28),(66,28),(72,28),(73,28),(75,28),(81,28),(86,28),(94,28),(98,28),(105,28),(114,28),(116,28),(117,28),(118,28),(186,28),(193,28),(205,28),(250,28),(251,28),(269,28),(270,28),(271,28),(272,28),(273,28),(274,28),(275,28),(276,28),(277,28),(278,28),(279,28),(280,28),(4,29),(5,29),(7,29),(8,29),(9,29),(18,29),(22,29),(31,29),(33,29),(34,29),(35,29),(66,29),(67,29),(75,29),(80,29),(81,29),(86,29),(94,29),(95,29),(100,29),(106,29),(112,29),(114,29),(116,29),(117,29),(118,29),(132,29),(193,29),(203,29),(216,29),(249,29),(252,29),(257,29),(259,29),(260,29),(261,29),(269,29),(277,29),(278,29),(279,29),(281,29),(282,29),(283,29),(284,29),(285,29),(286,29),(287,29),(288,29),(289,29),(290,29),(291,29),(292,29),(293,29),(4,30),(5,30),(6,30),(7,30),(8,30),(9,30),(10,30),(11,30),(12,30),(13,30),(14,30),(15,30),(16,30),(17,30),(18,30),(19,30),(20,30),(21,30),(22,30),(23,30),(24,30),(25,30),(26,30),(27,30),(28,30),(29,30),(30,30),(31,30),(32,30),(33,30),(34,30),(35,30),(36,30),(37,30),(38,30),(39,30),(40,31),(41,31),(42,31),(43,31),(44,31),(45,31),(46,31),(47,31),(48,31),(49,31),(50,31),(51,31),(52,31),(53,31),(54,31),(55,31),(56,31),(57,31),(58,31),(59,31),(60,31),(61,31),(62,31),(63,31),(64,31),(65,31),(170,32),(171,32),(172,32),(173,32),(174,32),(175,32),(176,32),(178,32),(180,32),(181,32),(308,32),(309,32),(72,33),(73,33),(74,33),(76,33),(88,33),(182,33),(183,33),(184,33),(185,33),(186,33),(187,33),(188,33),(189,33),(190,33),(191,33),(192,33),(193,33),(194,33),(195,33),(196,33),(197,33),(198,33),(199,33),(200,33),(201,34),(202,34),(203,34),(204,34),(75,35),(114,35),(205,35),(206,35),(207,35),(208,35),(209,35),(210,35),(211,35),(25,36),(38,36),(57,36),(111,36),(212,36),(213,36),(214,36),(215,36),(216,36),(217,36),(218,36),(219,36),(220,36),(221,36),(222,36),(223,36),(224,36),(225,37),(226,37),(227,37),(228,37),(229,37),(230,37),(231,37),(232,37),(233,37),(234,37),(235,37),(236,37),(237,37),(238,37),(36,38),(37,38),(64,38),(121,38),(127,38),(131,38),(239,38),(14,39),(15,39),(16,39),(17,39),(18,39),(19,39),(41,39),(42,39),(45,39),(95,39),(96,39),(97,39),(98,39),(100,39),(101,39),(102,39),(240,39),(241,39),(242,39),(243,39),(244,39),(245,39),(246,39),(247,39),(248,39),(249,39),(21,40),(22,40),(23,40),(24,40),(48,40),(49,40),(50,40),(51,40),(52,40),(53,40),(54,40),(55,40),(56,40),(108,40),(109,40),(110,40),(250,40),(251,40),(252,40),(253,40),(254,40),(255,40),(256,40),(31,41),(112,41),(113,41),(257,41),(258,41),(259,41),(260,41),(4,42),(6,42),(40,42),(82,43),(83,43),(84,43),(11,44),(29,44),(93,44),(58,45),(115,45),(261,45),(262,45),(190,46),(263,46),(264,46),(265,46),(266,46),(60,47),(61,47),(131,47),(267,47),(268,47),(305,48),(306,48),(307,48),(330,48),(419,48),(294,49),(295,49),(331,50),(299,51),(333,51),(334,51),(335,51),(336,51),(337,51),(338,51),(339,51),(340,51),(341,51),(342,52),(343,52),(344,52),(83,53),(345,53),(334,54),(337,54),(338,54),(339,55),(346,55),(335,56),(336,56),(342,56),(343,56),(344,56),(331,57),(83,58),(84,58),(348,58),(349,58),(350,58),(351,58),(352,58),(299,59),(296,60),(299,60),(300,60),(329,60),(344,60),(334,61),(337,61),(338,61),(303,62),(331,62),(356,62),(339,63),(346,63),(322,64),(323,64),(327,64),(360,64),(361,64),(362,64),(334,65),(337,65),(338,65),(335,66),(336,66),(342,66),(343,66),(344,66),(339,67),(346,67),(303,69),(331,69),(356,69),(334,71),(337,71),(338,71),(296,72),(297,72),(298,72),(299,72),(300,72),(301,72),(302,72),(320,72),(335,72),(304,73),(336,73),(342,73),(343,73),(344,73),(303,74),(331,74),(339,75),(346,75),(334,76),(339,76),(340,76),(343,76),(370,76),(371,77),(372,77),(373,77),(374,77),(375,77),(376,77),(377,77),(378,77),(379,77),(380,78),(59,80),(265,80),(381,80),(383,80),(384,80),(385,80),(386,80),(387,80),(388,80),(389,80),(390,80),(392,80),(393,81),(394,81),(395,81),(396,81),(397,81),(398,81),(291,82),(399,82),(400,82),(402,82),(403,82),(404,82),(405,82),(406,82),(407,82),(408,82),(409,82),(410,83),(411,83),(412,83),(403,84),(413,84),(291,85),(393,85),(399,85),(402,85),(404,85),(405,85),(409,85),(414,85),(345,86),(415,86),(416,86),(418,86);


CREATE TABLE `majorcategory` (
  `majorId` INTEGER NOT NULL,
  `categoryId` INTEGER NOT NULL,
  PRIMARY KEY (`majorId`,`categoryId`),
  CONSTRAINT `fk_mjrCat_category_id` FOREIGN KEY (`categoryId`) REFERENCES `category` (`idCategory`),
  CONSTRAINT `fk_mjrCat_major_id` FOREIGN KEY (`majorId`) REFERENCES `major` (`idMajor`)
);

INSERT INTO `majorcategory` VALUES (5,5),(4,6),(2,7),(2,20),(2,21),(4,48),(4,49),(5,80),(5,81),(5,82),(5,83),(5,86),(4,87),(4,88),(2,97),(2,98),(2,101);


CREATE TABLE `minor` (
  `idMinor` INTEGER PRIMARY KEY AUTOINCREMENT,
  `name` TEXT DEFAULT NULL
);
CREATE TABLE `minorcategory` (
  `minorId` INTEGER NOT NULL,
  `categoryId` INTEGER NOT NULL,
  PRIMARY KEY (`minorId`,`categoryId`),
  CONSTRAINT `fk_minCat_category_id` FOREIGN KEY (`categoryId`) REFERENCES `category` (`idCategory`),
  CONSTRAINT `fk_minCat_minor_id` FOREIGN KEY (`minorId`) REFERENCES `minor` (`idMinor`)
);

